http://1500dental.com/our-team
http://18thstreetdental.com/index.php/meet-the-doctor
http://1stdentalcareillinois.com/team
https://1westparkdental.com/dental-insurance-providers
https://www.202dentalcare.com/meet-dr-mesfin
http://2032familydentistry.com/MeetTheTeam.aspx
http://21stindy.com/meet-our-team#mariam-kaldas-dds
http://23smiles.com/team
http://360familydental.com/team
http://3stardentalcenters.com/team
https://www.5280pediatricdentistry.com/blog/1094260-healthy-teeth-and-healthy-gums-make-a-great-team
http://63familydental.com/meet-the-doctors
https://7oclockdental.com/about-us/meet-the-team/
http://916dental.com/team
https://aaoralfacial.com/our-team/
http://aaphc.org/services/behavioral-health/meet-our-providers
https://aarishadental.com/staff/
http://aaronslavsky.com/page/meet-the-doctor
http://abbottdentistry.com/our-practice/meet-the-doctors/
https://abckidsdentalla.com/meet-our-doctor.php
https://www.abdoneyperiodontics.com/meet-dr-mark-abdoney
https://abel-dental-care-1412355029.webdirector.com/our-practice-meet-the-team
https://www.abrightersmiledentalcare.com/meet-the-doctors
https://acaciafamilydental.com/meet-dr-tony-liu.html
http://accentorthodontics.com/meet-dr-mangiarelli/
http://accessdentalcenter.org/meet-the-doctors
http://accessdentalllc.net/team/
http://accorddentalcare.com/meet-dr-shah/
http://accudentallongbeach.com/about-us/team
https://www.acedentalcarechico.com/meet-the-team
https://acedentalcenter.com/team-member-sitemap.xml
http://acedentalgroup.com/our-practice/meet-the-doctor/
https://acedentalriverside.com/staff.php
https://www.acedentalweymouth.com/meet-the-doctor-
https://ada.com/editorial/meetada-2020-helping-health-systems-catch-up-with-innovation/
http://adamsmorganfamilydentistry.com/staff
https://addisonvillagedental.com/meet-the-team/
https://adeptdentalgroup.com/meet-the-doctors/
http://adnwi.com/our-team
https://www.adsfcity.com/office-info/meet-the-doctors
https://www.advanceddental.com/about/meet-the-doctors
http://advanceddentalcareofdothan.com/template.jsp?doc=drceliastump&c=Office+Staff&wiz=0&page=Office+Staff
https://www.advanceddentistrymccall.com/meet-dr-brown
http://advanceddentistryofct.com/meet-our-doctor
http://advancedendoventura.com/meet-us/
http://advancedentalstudio.com/team
http://advancedmansfielddental.com/about-us/team
http://advancedoakdaledental.com/about-us/team
https://www.advanidentalgroup.com/meet-dr-prakash-advani
https://www.advantagelagunadentistry.com/meet-our-staff
http://afd-zionsville.com/meet-the-doctors
https://www.agatakonopkadds.com/staff/slug
https://agavedentistry.com/meet-the-team/
https://www.agawamfamilydentalcare.com/blog/986474-a-variety-of-dentures-to-meet-your-needs
http://ahwatukeedentalhealth.com/team
http://ailandental.com/team.htm
http://airedental.com/our-team
https://www.youngbreathandwellness.com/team
https://www.akfamilydental.com/blog/1280230-team-dark-chocolate
http://akhondidental.com/about-us/team
http://alabamadental.com/template.jsp?doc=alabamadentalassociates&c=Meet+the+Team&wiz=0&page=Meet+the+Team
https://alanwolkoffdmd.com/our-team/
http://alexanderdentalgroupchtd.com/team.php
https://alexrangdds.com/album/rang-staff/
http://alisonwightdds.com/team
https://aliviodental.com/team/
https://allaboutsmiledentalgroup.com/team-sitemap.xml
https://www.allcaredentalofeverett.com/meet-the-dentists
http://alldredgedental.com/about/team
https://www.allendentalak.com/our-staff
https://www.allgrins4kids.com/meet-dr-kristen-cummings
http://allsmilesdentalcarewpb.com/meet-the-team
https://allsmilesdentalonline.com/all-smiles-dental-staff/
https://www.allsmilesfdc.com/meet-the-doctor
http://allsmilesgeneraldentistry.com/team
http://allsmilesoflaguna.net/team
https://www.allsmilespediatricdentist.com/meet-dr-job
https://alluredentaltamarac.com/cpt_team-sitemap.xml
http://almadendentalcare.com/MeetTheTeam.aspx
https://www.alohasmilesdental.com/meet-dr-won-chaekal
https://www.alongidental.com/staff
https://www.alpinefamilydentistry.com/blog/1311263-a-variety-of-dentures-to-meet-your-needs
http://altoonaiadentist.com/team
http://alvadentalmia.com/team
http://alvinneffdds.com/about-us/team
http://alwaysharmonydental.com/team
https://alysiaalfanodmd.square.site/meet-the-dentist
http://amazingsmilefl.com/about/team
http://amberdentalcare.com/our-team
http://amcdentalcare.com/team
http://americandentalcare.us/team
https://www.amiabledentalcare.com/meet-the-team/
http://amishapateldmd.com/meet-the-team/
http://ammondental.com/about-us/team
https://www.andersonkidsdentistry.com/meet-dr-o
https://www.andykaudentist.com/meet-us
http://angelahunterdds.com/our-practice/meet-the-team/
http://angeldentalgroup.com/team
https://www.angelortho.com/meet-dr-angelici
https://www.angelsmiledentalcare.com/meet-dr-baranovsky.html
https://www.annakaridasdds.com/meet-the-doctor
http://annasmiles.com/team
http://anthemfamilydentist.com/team
https://www.aosmiles.com/meet-the-team
https://cicerosmiledental.com/meet-the-doctors/
https://www.apopkadentalart.com/meet-the-doctor
https://www.apuydentistry.com/office-info/our-staff
http://aquadentalboynton.com/about-us/meet-dr-rachel-quevedo/
http://archsmile.com/meet-the-doctor
http://ariafamilydental.com/our-practice/meet-the-team/
http://arizonabraces.com/about-us/team
https://www.arkansasfamilydental.com/the-team
http://arkcityharrisfamilydentistry.com/our-team
http://arlington-dental.com/OurTeam/MeettheDoctors.aspx
https://www.arlingtondentistry.com/opiod-crisis-arlington-community-forum-meeting-2/
http://arlingtonsmilesma.com/team
http://www.arnettdentalcare.com/staff
http://artofendo.com/team
http://ascend-orthodontics.com/meet-the-team
https://www.ascendpediatricdentistry.com/team-members/queen-ledner
https://ashdowndental.com/meet-the-team/
https://www.ashlanddental.net/meet-dr-saad-joulakh
http://ashleyoralsurgery.com/team
http://asiridental.com/our-practice/meet-the-team/
http://www.atlantakidsdentist.com/the-team.html
https://auburn-familydental.com/wichita/about/our-staff
http://aurariadentalceramics.com/team
http://authenticdentaldesigns.com/our-team
http://avondale-dental.poi.place/about/team
https://www.avondentalcentre.com/staff
https://www.awesomekidsteeth.com/meet-us
https://www.azdentistrybydesign.com/meet-dr-rene-laos
http://azezadental.com/team
http://bachmandentistry.com/our-team
https://www.baileycovefamilydentistry.com/meet-the-doctor
https://www.baileyfamilydentistry.com/meet-the-doctor
http://bakersfieldcosmeticdentistry.com/our-practice/meet-the-doctor/
https://www.balharboursmiles.com/about-your-dentist/about-your-team/
https://balmoraldentalcenter.com/staff-sitemap.xml
http://barrosdental.com/team
https://www.bartonorthodontics.com/meet-dr-barton
http://bayareadentalgroup.com/team
https://www.bayareasmiledental.com/our-team.html
http://baysidedentalarts.com/MeetDrLaw.aspx
http://baysidedentistry13.com/meet-the-doctor/
http://baysidekidsdentist.com/team
http://bayviewpediatricdentalgroup.com/our-team
http://bearcreekdentalco.com/team
https://bearsinbraces.com/about-bear-lake-orthodontics/our-team
https://beckmandentistry.com/staff/
http://beebefamilydentistry.com/our-team
http://bellasmilesortho.com/our-team
http://bellechassedentist.com/team
http://bellflowercosmeticdentistry.com/page/meet-the-team
http://belmontoralsurgery.com/team
https://www.beltsvilledentist.com/dental-staff
https://www.bengilbertdental.com/blog/1267950-a-variety-of-dentures-to-meet-your-needs
http://benito-b-julian-dds.jany.io/about/team
http://bennerandtownsend.com/our-team
https://www.bennettdentalgroup.com/blog/1116057-team-dark-chocolate
https://serenitydentalsandysprings.com/meet-dr-benson/
http://bentcreekdental.com/team
https://benthompsondmd.com/meet-the-doctor/
http://bergerdentistry.com/our-practice/meet-the-doctors/
http://berkeleydentalgroup.com/team
http://berkeleyimplantdentist.com/our-practice/meet-the-team/
http://bernsteinbraces.com/our-team
http://bertschdentistry.com/our-practice/meet-the-doctors/
https://www.bestsimidentist.com/meet-the-doctor
https://bethesdarockdental.com/team/
https://www.betterbitesbybusch.com/meet-dr-busch
http://beverlywentworthdental.com/team
https://www.beverlywossdds.com/staff
http://bfdentalspa.com/about-us/team
http://bhamendodontics.com/team
https://www.bicknelldentalcare.com/blog/1282059-team-dark-chocolate
http://bieglerdental.com/MeetTheTeam.aspx
http://bigparkdental.com/our-practice/meet-the-doctor/
https://www.bitamatindds.com/staff
http://bixbyknollsdental.com/staff
https://www.bjornsonfamilydental.com/staff
https://bkdentalla.com/team/
https://blincoeandshutt.com/meet-the-doctors.html
https://www.bloomingtonbraces.com/meet-dr-joshua-chapman
http://bloomingtonindentist.com/meet-our-team#donald-a-fantuzzo-dds
http://bloomsmiles.com/team
http://bluegrassperio.com/our-team
https://www.blueskypediatricdentistry.com/meet-doctor
https://bluewavedentistrydmd.com/doctor/harrison-samuel/#OurStaff
http://boiseparkwaydental.com/team
http://bojidental.com/meet-the-team/
https://www.bollenandmansfield.com/team
https://www.bordendentalarts.com/oldblog/1280878-team-dark-chocolate
https://www.bostonembraceorthodontics.com/meet-dr-liu
https://boulderdentalarts.com/dr-patrician-and-team/
http://boulderendodontics.com/staff
http://boulderorthodontics.com/team
https://www.boulevardfamilydentistry.com/meet-dr-naten
http://bournedental.com/our-team
https://boyettfamilydentistry.com/team-member-sitemap.xml
http://bracesonbraceroad.com/about-us/team
http://braceyourself.org/staff
http://brandonfamilydentalcare.com/MeetTheTeam.aspx
http://breathedentist.com/team
http://breathingandsleepcenter.com/team
https://www.breckenridgedentalcare.com/staff
http://breezybaydental.com/team
http://brentlewdds.com/about-us/team
http://bretthawkinsdds.com/meet-the-doctors
http://brianblatterdds.com/team
http://brianhollingsworthdmd.com/#team
https://www.brightdentalct.com/meet-the-dentist
https://brightdentalsolutions.com/meet-the-team
https://brightersmilescc.com/meet-our-dr/
http://brightstarrpediatricdental.com/team
https://brilliantdentalteam.com/home
http://brittondds.com/team
https://broadviewdental.care/team-member-sitemap1.xml
https://www.broadwaysmilesdentist.com/meet-the-doctors
http://brookhurstmcfaddendentalgroup.com/team.htm
https://brooksdentalassociates.com/wp-sitemap-posts-team-member-1.xml
http://browardpediatricdentists.com/meet-dr-helena-urrea-feldsberg.html
https://brownandbrownfamilydentistry.com/meet-our-team
https://brushhausdental.com/team
http://brushinonbelmont.com/team
https://www.brushwithus.com/meet-the-doctors
https://images.squarespace-cdn.com/content/v1/66be1bd97b14ed36db029cc1/a7708877-fcc5-43aa-8b02-25dd4244f2c4/Dunlap+team+closeup2.jpg
https://www.burkettfamilydentistry.com/team
https://www.burlisondentistry.com/meet-the-doctor
http://bushmandental.com/our-practice/meet-the-team/
http://butlerfamilydentistrymadison.com/team
http://bvkidsdentist.com/team
https://www.cadronvalleydental.com/meet-the-team
http://calaserdental.com/team
https://www.caldentistryandbraces.com/meet-the-doctors
https://www.californiasmilemaker.com/team-member/semyon-segal/
http://callejo-dds.lany.io/about/team
https://www.calvertcountydentist.com/meet-the-team
http://camarillosmiles.com/our-team
https://www.cambridgeorthodontics.net/meet-dr-samadani
https://cameodentistry.com/meet-our-providers
http://campanofamilydentistry.com/meet-our-doctor/about-us/
http://campbellcosmeticdental.com/team
http://campbelldentists.com/team
http://campcreekdental.com/about-us/meet-dr-jeffrey-butts-dds/
http://canohealth.com/our-team
http://cantrelldental.com/page/meet-our-doctors
http://canyongatedentistry.com/team
https://www.capeimplants.com/meet-dr-jodoin
http://capitaldentaldds.com/capital-dental/meet-the-team/
http://capitolhillfamilydentist.com/team
https://www.capstonekidspediatricdentistry.com/office/our-staff
http://carbajaldental.com/team
http://carlondentistry.com/about/our-staff
http://carlosylealdds.com/team
https://www.carmelindianapolispediatricdentists.com/meet-the-doctors
http://carnesfamilydental.com/team
https://www.carvalhodds.com/staff
http://carverdental.net/team
https://cascadesignaturedental.com/Our-Team/
https://www.caseypkenneydentistry.com/staff
https://www.cassiabarrospediatricdentist.com/about-our-practice/our-team/
http://www.castillodentistry.com/meet-dr-ferdinan-castillo
https://www.castle-orthodontics.com/meet-dr-eric-castle
http://castordentalassociates.com/about/team
https://www.cawavedental.com/meet-the-doctors.html
https://cedarendodontics.com/staff/kyan-salehi-dmd/
http://cedarpearldentistry.com/team
http://celebrationdentalgroup.com/#team
https://www.centergrovesmiles.com/blog/1116908-team-dark-chocolate
https://centralfamilydentist.com/meet-the-team
http://centralfloridaperio.com/our-team
https://www.centralvalleydentist.com/blog/917505-team-dark-chocolate
https://www.centreskydentistry.com/meet-the-doctor
https://cepcolorado.com/ourteam/
https://cfadc.com/team/
https://www.cflendo.com/meet-the-team/
http://chalakoralsurgery.com/meet-the-doctor/
http://chamberfamilydentistry.com/team
http://chandlerfamilydentist.com/meet-dr-hodges/
https://changortho.com/about/meet-the-doctor/
http://charitondental.com/about/team
http://chathamdentalcenter.com/our-team
https://www.cheahafamilydentistry.com/meet-the-doctor.html
http://chelmsfordcenterdentists.com/meet_dr_yee.html
https://www.chesterfamilydental.com/meet-the-doctors
http://chicagosmilespecialists.com/our-team
https://www.chicodentalgroup.com/blog/1005061-a-variety-of-dentures-to-meet-your-needs
https://www.childrensdentaldiamondbar.com/meet-the-doctor
https://www.childrensdentistrylakecounty.com/clinical-staff
http://chinhomdds.com/our-practice/meet-the-doctors/
http://chobdeedds.com/team
http://choicedentalcare.info/team
http://choulesfamilydentistryaz.com/our-practice/meet-the-team/
https://chpofil.org/about/join-our-team/
https://www.chriselsondds.com/my-blog/1281317-team-dark-chocolate
https://www.chriskirusisdmd.com/blog/719907-team-dark-chocolate
http://www.christinarudmandds.com/meet_the_doctor.html
http://chulickdental.com/aboutteam
http://citadeldentalgroup.com/meet-the-doctors/
https://www.citydentaloc.com/meet-the-team-old
http://civicdental.com/about/team
http://cjdentistryaz.com/team
http://clairdental.com/team
http://clarksvillecrossingdental.com/staff
http://claytondentalgroup.net/team
http://clearcomfortdental.com/staff
http://coastaldentalma.com/team
http://coastaldentalnewengland.com/team
https://www.coastalperio.net/office/meet-the-doctors
http://cobbdentalgroup.net/about/team
http://www.coldspringsdental.com/meet-the-doctor
http://collegefamilydentistry.com/meet-our-team
https://www.collierdentalstudio.com/staff
https://www.coloradodentalarts.com/about-the-staff/
https://coloradoendo.com/meet-us/meet-the-staff/
http://coloradohealthysmiles.com/staff
http://coloradosmiledesign.com/team
http://coltonfamilydental.com/meet-dr-patel
http://columbiadentalgroup.net/meet-our-staff
https://columbiaprimedental.com/meet-dr-tchakarova
http://columbusdentalcare.net/team
http://columbusdentalgroup.com/staff
https://www.columbusmidtowndental.com/meet-the-doctor
http://comfortdentallive.com/about/team
http://concordcadentist.com/team
http://concorddentalspecialty.com/team
http://confidentistry.com/team
https://www.coniferdentalgroup.com/blog/1291212-evergreen-colorado-dentists-meet-conifer-dental-group
http://www.coninedental.com/meet-the-doctor
http://connerdentistry.com/about/team
https://www.copefamilydental.com/blog/1115743-team-dark-chocolate
https://copleydentalnatick.com/meet-the-copley-dental-team/
http://copleyviewdental.com/providers
https://coralbaydentistry.com/meet-the-doctor
http://coralspringsoralsurgery.com/meet-the-doctors
https://www.cordialdental.net/meet-the-dentist.html
https://www.pdpsmile.com/our-staff.php
http://cornerdentistry.com/staff
https://www.cornerstonekidsdentistry.com/meet-our-doctors
http://coronadopediatricdentistry.com/staff
http://coronavillagedental.com/dental-staff.html
http://corrinekwoodds.com/our-practice/meet-the-team/
http://cosmeticdentistrybydesign.com/team
http://covinakidsdentist.com/ourteam.html
https://cowestendo.com/team-sitemap.xml
https://coxfamilydentistrybgky.com/meet-dr-cox/
https://www.cpi-dent.com/blog/917495-team-dark-chocolate
http://cqnddsinc.com/about/team
https://www.craigjohnsondental.com/meet-dr-johnson
http://cranberrydentalassociates.com/our-practice/meet-the-team/
http://crawfordfamilydmd.com/our-practice/meet-the-doctor/
https://www.creeksidedentistry.com/staff
https://www.crescentcitysmiles.com/team-members/kim-scott
http://crosbydentistry.com/team
http://crowndentalspa.com/about-us/meet-dr-phillips/
https://crusedental.com/dt_team-sitemap.xml
https://cruzindental.com/staff/
http://crystal.dental/team
http://crystalcanyonfamilydental.com/our-team
http://csdentalct.com/team
http://cudahydentalcare.com/our-staff
https://www.cupertinocosmetic.dentist/meet-dr--browning
http://cupertinosmilecare.com/meet-dr-bhaskaran/
https://www.customdentalottawa.com/meet-dr-leanne-desch
https://cvdentalcare.com/meet-us/hayden-phillips-dmd/
http://cvosg.com/team
http://cwdentistryllc.com/about-us/the-office-staff/
http://cypresscreeksmiles.com/our-team
http://cypressimplant.com/about/team
https://dagsborodentist.com/meet-our-drs
http://danielbuidds.com/doctor-and-team/
http://danielfamilydental.com/home/meet-the-dentists
https://www.danieliminerdds.com/meet-dentist
https://www.danielleedds.com/staff
https://www.dankoorthodontics.com/meet-dr-danko
https://images.squarespace-cdn.com/content/v1/66db0fb88d7cf83c54f7027c/1725632440807-FFBAQPTA1I5LB873MWOR/Team+1.jpg
http://danvillekyfamilydentistry.com/meet-the-doctors
https://www.darlingchildrensdentistry.com/team
https://davidsonfamilydentistry.com/staff_members-sitemap.xml
http://davincidentalspa.com/about-us/meet-the-doctor/
http://davispediatricdds.com/meet-the-doctors
https://dawsondentalaz.com/team-members-sitemap.xml
http://daytona-endodontics.com/meet-the-doctors
http://ddental.com/our-team
https://www.deaguirredds.com/blog/1116018-team-dark-chocolate
http://debaryendodontics.com/our-team
https://www.deborahkearneydds.com/staff
https://deloneydentistry.com/wp-sitemap-posts-team_mf-1.xml
https://delpd.com/team-sitemap.xml
https://www.deluciadentistry.com/dental-staff
http://dental-florida-ii.jany.io/about/team
https://dental.tufts.edu/forms/contact-staff-advisory-council-thanks
https://www.dentalartskokie.com/meet-dr-melvin-l-dillard-iii
http://dentalartslawrence.com/our-team
https://www.dentalartsofsunset.com/blog/912866-team-dark-chocolate
http://dentalasc.com/our-team
https://www.dentalassociates-eb.com/team-sitemap1.xml